{"cameraMode":{"drawMode":0,"name":"Shaded","section":"Shading Mode"},"sceneLighting":false,"audioPlay":false,"sceneViewState":{"showFog":true,"showMaterialUpdate":false,"showSkybox":false,"showFlares":true,"showImageEffects":true,"showParticleSystems":true,"showVisualEffectGraphs":true,"m_FxEnabled":true},"in2DMode":false,"pivot":{"x":-0.004680766258388758,"y":0.3181298077106476,"z":-0.2983337640762329},"rotation":{"x":-0.08398159593343735,"y":0.5248879194259644,"z":-0.05211590975522995,"w":-0.8454281091690064},"size":1.1415884494781495,"orthographic":false}