{"cameraMode":{"drawMode":0,"name":"Shaded","section":"Shading Mode"},"sceneLighting":true,"audioPlay":false,"sceneViewState":{"showFog":true,"showMaterialUpdate":false,"showSkybox":true,"showFlares":true,"showImageEffects":true,"showParticleSystems":true,"showVisualEffectGraphs":true,"m_FxEnabled":true},"in2DMode":false,"pivot":{"x":0.00021767616271972656,"y":0.7665553689002991,"z":0.007603704929351807},"rotation":{"x":-0.008647169917821885,"y":-0.2673170566558838,"z":-0.0024916536640375854,"w":0.9636021256446838},"size":7.521690845489502,"orthographic":false}