{"cameraMode":{"drawMode":0,"name":"Shaded","section":"Shading Mode"},"sceneLighting":true,"audioPlay":false,"sceneViewState":{"showFog":true,"showMaterialUpdate":false,"showSkybox":true,"showFlares":true,"showImageEffects":true,"showParticleSystems":true,"showVisualEffectGraphs":true,"m_FxEnabled":true},"in2DMode":false,"pivot":{"x":-0.46756041049957278,"y":1.1216658353805543,"z":0.5777842998504639},"rotation":{"x":-0.07731500267982483,"y":0.6047789454460144,"z":-0.059151388704776767,"w":-0.7904321551322937},"size":4.058948516845703,"orthographic":false}